{
  "user": [
    {
      "username": "Ravi",
      "email": "mohan@gmail.com",
      "birthday": "2023-01-03",
      "password": "Ravi@1999",
      "confirmPassword": "Ravi@1999",
      "id": 1
    },
    {
      "username": "Ranjan",
      "email": "ranjan@gmail.com",
      "birthday": "2023-01-03",
      "password": "Ravi@1999",
      "confirmPassword": "Ravi@1999",
      "id": 2
    },
    {
      "username": "Ravi047",
      "email": "ravi8@gmail.com",
      "birthday": "2023-01-03",
      "password": "Ranjan@1999",
      "confirmPassword": "Ranjan@1999",
      "id": 3
    },
    {
      "username": "Ravi",
      "email": "ravi@gmail.com",
      "birthday": "2023-01-10",
      "password": "Ravi@1999",
      "confirmPassword": "Ravi@1999",
      "id": 4
    },
    {
      "username": "Ravi",
      "email": "mohan@gmail.com",
      "birthday": "2023-01-17",
      "password": "Ranjan@1999",
      "confirmPassword": "Ranjan@1999",
      "id": 5
    }
  ],
  "cart": [
    {
      "id": 23,
      "title": "Garfield Ottoman",
      "image": "https://p.rmjo.in/moodShot/taycn9bm-1024x512.jpg",
      "description": "Put up your feet and let your sofa have the perfect companion with the Garfield Ottoman. Use it as a footstool or spare seating to welcome guests, it'll match any decor or home seamlessly.",
      "dimensions": "22&ldquo; L x 22&ldquo; B x 15&ldquo; H",
      "color": "#696b67",
      "material": "Solid  wood",
      "features_specs": [
        "Upholstered seat",
        "Rubberwood support legs",
        "Brown Oak finish"
      ],
      "img_slide": [
        "https://p.rmjo.in/productSquare/9o9eoir3-500x500.jpg",
        "https://p.rmjo.in/productSquare/jy2bbe9f-500x500.jpg",
        "https://p.rmjo.in/productSquare/uqtut16j-500x500.jpg",
        "https://p.rmjo.in/productSquare/xmhqiirr-500x500.jpg"
      ],
      "rental": 189,
      "deposit": 299,
      "days": 4,
      "rent_months": 3,
      "wishlist": false,
      "quantity": 5,
      "category": "living room"
    },
    {
      "id": 24,
      "title": "Felix 1-Seater Fabric Sofa (Blue)",
      "image": "https://p.rmjo.in/moodShot/x6rtmm7a-1024x512.jpg",
      "description": "Elegance meets comfort with the plush Felix Couch. With unmatched comfort and endless options to deck it up, your couch crasher friends will love it, and so will you.",
      "dimensions": "34&ldquo; L x 33&ldquo; B x 24&ldquo; H",
      "color": "#184b8e",
      "material": "Fabric",
      "features_specs": [
        "Soft fabric cover",
        "Seat cushion",
        "Upholstered backrest cushion"
      ],
      "img_slide": [
        "https://p.rmjo.in/productSquare/k5gwdcsp-500x500.jpg",
        "https://p.rmjo.in/productSquare/753nzydk-500x500.jpg",
        "https://p.rmjo.in/productSquare/rlau8nmo-500x500.jpg",
        "https://p.rmjo.in/productSquare/aldhnzlq-500x500.jpg",
        "https://p.rmjo.in/productSquare/mm5awyui-500x500.jpg",
        "https://p.rmjo.in/productSquare/i8h5j54a-500x500.jpg"
      ],
      "rental": 379,
      "deposit": 589,
      "days": 4,
      "rent_months": 3,
      "wishlist": false,
      "quantity": 5,
      "category": "living room"
    },
    {
      "id": 25,
      "title": "Rex 1-Seater Leather Sofa (Black)",
      "image": "https://p.rmjo.in/moodShot/kd02zb0v-1024x512.jpg",
      "description": "Meet Rex, the couch that's here to redefine class. If you're looking for a chance treat yourself (and your living room) with a bit of luxury, get the Rex. Best part? It matches any home decor.",
      "dimensions": "32&ldquo; L x 27&ldquo; B x 32&ldquo; H",
      "color": "#000000",
      "material": "Art Leather",
      "features_specs": [
        "Leatherette covering",
        "Foam filling"
      ],
      "img_slide": [
        "https://p.rmjo.in/productSquare/6jks7lk8-500x500.jpg",
        "https://p.rmjo.in/productSquare/eqg3o64h-500x500.jpg",
        "https://p.rmjo.in/productSquare/zpnjj78n-500x500.jpg",
        "https://p.rmjo.in/productSquare/43gu7t2c-500x500.jpg",
        "https://p.rmjo.in/productSquare/kxhqtlt0-500x500.jpg",
        "https://p.rmjo.in/productSquare/7cq01jne-500x500.jpg"
      ],
      "rental": 319,
      "deposit": 489,
      "days": 4,
      "rent_months": 3,
      "wishlist": false,
      "quantity": 5,
      "category": "living room"
    }
  ],
  "furniture": [
    {
      "id": 1,
      "title": "Napster Metal Queen Bed (6x5)",
      "image": "https://p.rmjo.in/productSquare/53rmy7yr-500x500.jpg",
      "description": "Find ultimate peace with Napster Bed. Designed to echo your inner zen, Napster bed ensures a good night’s sleep with its simple yet functional design. This trim and compact bed, combined with slim legs, give it a sleek and minimalist look.",
      "dimensions": "75&ldquo; L x 62&ldquo; B x 37&ldquo; H",
      "color": "#000000",
      "material": "Metal",
      "features_specs": [
        "High-quality metal (Black)",
        "Ideal mattress size (L x B): 72&ldquo; x 60&ldquo;",
        "Plywood mattress surface",
        "Footboard height: 17.2&ldquo;",
        "Lightweight and rust-free"
      ],
      "img_slide": [
        "https://p.rmjo.in/productSquare/vmepbpv0-500x500.jpg",
        "https://p.rmjo.in/productSquare/46avfhql-500x500.jpg",
        "https://p.rmjo.in/productSquare/ui2xaf2v-500x500.jpg",
        "https://p.rmjo.in/productSquare/04bz03i0-500x500.jpg",
        "https://p.rmjo.in/productSquare/l0by95zm-500x500.jpg"
      ],
      "rental": 319,
      "deposit": 489,
      "days": 4,
      "rent_months": 3,
      "wishlist": false,
      "quantity": 4,
      "category": "bedroom"
    },
    {
      "id": 2,
      "title": "Aurora Wooden Queen Bed (6x5)",
      "image": "https://p.rmjo.in/moodShot/m10su6oo-1024x512.jpg",
      "description": "The Aurora bed's frame provides a simple & stylish look to your room. The light brown colour of the bed matches any decor. The cot's frame has a low height & a headboard for you to lean comfortably.",
      "dimensions": "72&ldquo; L x 60&ldquo; B x 8&ldquo; H",
      "color": "#632c10",
      "material": "Solid woood",
      "features_specs": [
        "Cot frame with Headboard",
        "Slatteed matress frame",
        "Wooden headboard",
        "Footboard height: 17.2&ldquo;",
        "To fit Mattress Size: 72&ldquo; L x 60&ldquo; B"
      ],
      "img_slide": [
        "https://p.rmjo.in/productSquare/a9r2ys6j-500x500.jpg",
        "https://p.rmjo.in/productSquare/p7t5809j-500x500.jpg",
        "https://p.rmjo.in/productSquare/0h3dolf5-500x500.jpg",
        "https://p.rmjo.in/productSquare/i4j2hb59-500x500.jpg",
        "https://p.rmjo.in/productSquare/zp4oa8dk-500x500.jpg",
        "https://p.rmjo.in/productSquare/k57e0960-500x500.jpg"
      ],
      "rental": 539,
      "deposit": 829,
      "days": 4,
      "rent_months": 3,
      "wishlist": false,
      "quantity": 4,
      "category": "bedroom"
    },
    {
      "id": 3,
      "title": "Napster Metal Single Bed (6x3)",
      "image": "https://p.rmjo.in/moodShot/kgk2znv0-1024x512.jpg",
      "description": "Find ultimate peace with Napster Bed. Designed to echo your inner zen, Napster bed ensures a good night’s sleep with its simple yet functional design. This trim and compact bed, combined with slim legs, give it a sleek and minimalist look. frame has a low height & a headboard for you to lean comfortably.",
      "dimensions": "75&ldquo; L x 36&ldquo; B x 37&ldquo; H",
      "color": "#000000",
      "material": "Metal",
      "features_specs": [
        "High-quality metal (Black)",
        "Ideal mattress size (L x B): 72&ldquo; x 36&ldquo;",
        "Plywood mattress surface",
        "Footboard height: 17.2&ldquo;",
        "Lightweight and rust-free"
      ],
      "img_slide": [
        "https://p.rmjo.in/productSquare/ikl0fdjc-500x500.jpg",
        "https://p.rmjo.in/productSquare/qza0ip0w-500x500.jpg",
        "https://p.rmjo.in/productSquare/teqaya60-500x500.jpg",
        "https://p.rmjo.in/productSquare/tbp8g6cv-500x500.jpg",
        "https://p.rmjo.in/productSquare/n0pymncd-500x500.jpg"
      ],
      "rental": 249,
      "deposit": 379,
      "days": 4,
      "rent_months": 3,
      "wishlist": false,
      "quantity": 4,
      "category": "bedroom"
    },
    {
      "id": 4,
      "title": "Poise Wooden Queen Bed (6x5)",
      "image": "https://p.rmjo.in/moodShot/no45c49z-1024x512.jpg",
      "description": "Comfort and compactness, get them both with the Poise queen bed. The bed's strong metal frame ensures durability while the honey-toned solid wood adds both style and comfort to the mix.",
      "dimensions": "72&ldquo; L x 60&ldquo; B x 17&ldquo; H",
      "color": "#885429",
      "material": "Metal & Solid Wood",
      "features_specs": [
        "Metal bodied bed",
        "Solid wood headboard",
        "Plywood mattress surface",
        "Durable coating to prevent rust",
        "Honey finish",
        "To fit Mattress Size: 72&ldquo;  L x 60&ldquo;  B"
      ],
      "img_slide": [
        "https://p.rmjo.in/productSquare/e5qwec0i-500x500.jpg",
        "https://p.rmjo.in/productSquare/0sjdsg85-500x500.jpg",
        "https://p.rmjo.in/productSquare/1we3a7oq-500x500.jpg",
        "https://p.rmjo.in/productSquare/0f2jr3mt-500x500.jpg"
      ],
      "rental": 549,
      "deposit": 849,
      "days": 4,
      "rent_months": 3,
      "wishlist": false,
      "quantity": 4,
      "category": "bedroom"
    },
    {
      "id": 5,
      "title": "Aurora Wooden Single Bed (6x3)",
      "image": "https://p.rmjo.in/moodShot/n84sut65-1024x512.jpg",
      "description": "Meet Aurora—a no-frill bed with a timeless design that makes for a perfect staycation at home. Crafted from solid wood with a contemporary dark brown finish, Aurora bed also comes with a solid headboard that makes lounging on the bed more comfortable than ever.",
      "dimensions": "72&ldquo; L x 39&ldquo; B x 8&ldquo; H",
      "color": "#632c10",
      "material": "Solid Wood",
      "features_specs": [
        "Wood finish: Dark natural / Brown mahogany",
        "Ideal mattress size (L x B): 72&ldquo; x 36&ldquo;",
        "Footboard height: 17.2&ldquo;",
        "Slatted wooden mattress surface",
        "Sturdy frame with headboard"
      ],
      "img_slide": [
        "https://p.rmjo.in/productSquare/0pernjgh-500x500.jpg",
        "https://p.rmjo.in/productSquare/sghrghzh-500x500.jpg",
        "https://p.rmjo.in/productSquare/m6mu7yud-500x500.jpg",
        "https://p.rmjo.in/productSquare/jibi1f0m-500x500.jpg"
      ],
      "rental": 409,
      "deposit": 639,
      "days": 4,
      "rent_months": 3,
      "wishlist": false,
      "quantity": 4,
      "category": "bedroom"
    },
    {
      "id": 6,
      "title": "Poise Wooden Single Bed (6.5x3)",
      "image": "https://p.rmjo.in/moodShot/acx42mon-1024x512.jpg",
      "description": "Comfort and strength, get them both with the Poise Single Bed. The bed's strong metal frame ensures durability while the honey-toned solid wood adds both style and comfort to the mix.",
      "dimensions": "82&ldquo; L x 38&ldquo; B x 17&ldquo; H",
      "color": "#885429",
      "material": "Solid Wood",
      "features_specs": [
        "Durable coating to prevent rust",
        "Elegant and Surdy",
        "To Fit mattress Size: 78&ldquo; L x 36&ldquo; B"
      ],
      "img_slide": [
        "https://p.rmjo.in/productSquare/e5qwec0i-500x500.jpg",
        "https://p.rmjo.in/productSquare/0sjdsg85-500x500.jpg",
        "https://p.rmjo.in/productSquare/1we3a7oq-500x500.jpg",
        "https://p.rmjo.in/productSquare/0f2jr3mt-500x500.jpg"
      ],
      "rental": 419,
      "deposit": 639,
      "days": 4,
      "rent_months": 3,
      "wishlist": false,
      "quantity": 4,
      "category": "bedroom"
    },
    {
      "id": 7,
      "title": "Kipper Wooden Queen Bed (6x5)",
      "image": "https://p.rmjo.in/moodShot/wrmpa6sj-1024x512.jpg",
      "description": "Once you have the perfect comfy bed, your sleep just gets way better. With the Kipper Bed's versatile design, go rustic, contemporary or uber-chic and style your room the way you want.",
      "dimensions": "75&ldquo; L x 63&ldquo; B x 10&ldquo; H",
      "color": "#f7d6ab",
      "material": "Solid Wood",
      "features_specs": [
        "Made using solid wood",
        "Sturdy & stable",
        "Slatted headboard, Versatile design",
        "Footboard height: 10.5&ldquo;",
        "To fit Mattress Size: 72&ldquo; L x 60&ldquo; B"
      ],
      "img_slide": [
        "https://p.rmjo.in/productSquare/d4pyi30g-500x500.jpg",
        "https://p.rmjo.in/productSquare/00jslqvb-500x500.jpg",
        "https://p.rmjo.in/productSquare/tsd9eexe-500x500.jpg",
        "https://p.rmjo.in/productSquare/f8gg0p08-500x500.jpg",
        "https://p.rmjo.in/productSquare/ks8igd99-500x500.jpg"
      ],
      "rental": 809,
      "deposit": 1259,
      "days": 4,
      "rent_months": 3,
      "wishlist": false,
      "quantity": 4,
      "category": "bedroom"
    },
    {
      "id": 8,
      "title": "Hiber Wooden Queen Storage Bed (6x5)",
      "image": "https://p.rmjo.in/moodShot/riwz2v4h-1024x512.jpg",
      "description": "The easy to use Hiber Queen Bed has ample storage space at the bottom to store your quilts, comforters, cushions & more. The light brown finish of the wood gives you room for experimentation.",
      "dimensions": "72&ldquo; L x 60&ldquo; B x 14&ldquo; H",
      "color": "#f7d6ab",
      "material": "Solid Wood",
      "features_specs": [
        "Pull out drawer",
        "Ample storage space",
        "Mattress Size: 72&ldquo; L x 60&ldquo; B"
      ],
      "img_slide": [
        "https://p.rmjo.in/productSquare/u5j0j47b-500x500.jpg",
        "https://p.rmjo.in/productSquare/t73iy7s4-500x500.jpg",
        "https://p.rmjo.in/productSquare/suq0ekx8-500x500.jpg",
        "https://p.rmjo.in/productSquare/5lg56ov0-500x500.jpg",
        "https://p.rmjo.in/productSquare/y0i0i0de-500x500.jpg",
        "https://p.rmjo.in/productSquare/zuqpqxfb-500x500.jpg"
      ],
      "rental": 929,
      "deposit": 1449,
      "days": 4,
      "rent_months": 3,
      "wishlist": false,
      "quantity": 4,
      "category": "bedroom"
    },
    {
      "id": 9,
      "title": "Kipper Wooden Single Bed (6x3)",
      "image": "https://p.rmjo.in/moodShot/2b6zd46f-1024x512.jpg",
      "description": "Once you have the perfect comfy bed, your sleep just gets way better. With the Kipper Bed's versatile design, go rustic, contemporary or uber-chic and style your room the way you want.",
      "dimensions": "75&ldquo; L x 39&ldquo; B x 10&ldquo; H",
      "color": "#f7d6ab",
      "material": "Solid Wood",
      "features_specs": [
        "Made using solid wood",
        "Sturdy & stable",
        "Slatted headboard, Versatile design",
        "Footboard height: 10.5&ldquo;",
        "To fit Mattress Size: 72&ldquo; L x 36&ldquo; B"
      ],
      "img_slide": [
        "https://p.rmjo.in/productSquare/0npj0a1d-500x500.jpg",
        "https://p.rmjo.in/productSquare/ash0bmxm-500x500.jpg",
        "https://p.rmjo.in/productSquare/04ajryzv-500x500.jpg",
        "https://p.rmjo.in/productSquare/phq1a340-500x500.jpg",
        "https://p.rmjo.in/productSquare/zty0eh0m-500x500.jpg"
      ],
      "rental": 609,
      "deposit": 939,
      "days": 4,
      "rent_months": 3,
      "wishlist": false,
      "quantity": 4,
      "category": "bedroom"
    },
    {
      "id": 10,
      "title": "Hutch Metal Queen Hydraulic Storage Bed (6x5)",
      "image": "https://p.rmjo.in/moodShot/vyi06e6u-1024x512.jpg",
      "description": "Comfort, elegance & storage—get them all with Hutch Storage bed. The bed's sturdy metal frame ensures durability, while the honey-toned solid wood adds a touch of elegant styling, and the cushioned headboard provides comfort unlike any other.",
      "dimensions": "76&ldquo; L x 62&ldquo; B x 35.5&ldquo; H",
      "color": "#632c10",
      "material": "Metal & Solid Wood",
      "features_specs": [
        "Honey brown finish",
        "Ideal mattress size (L x B): 72&ldquo; x 60&ldquo;",
        "Sturdy metal frame",
        "Leathered headboard",
        "Anti-rust, durable coating"
      ],
      "img_slide": [
        "https://p.rmjo.in/productSquare/7i306dfx-500x500.jpg",
        "https://p.rmjo.in/productSquare/phhpbdlz-500x500.jpg",
        "https://p.rmjo.in/productSquare/jvvzs7ij-500x500.jpg",
        "https://p.rmjo.in/productSquare/pp918y06-500x500.jpg"
      ],
      "rental": 1319,
      "deposit": 2039,
      "days": 4,
      "rent_months": 3,
      "wishlist": false,
      "quantity": 4,
      "category": "bedroom"
    },
    {
      "id": 11,
      "title": "Restie Metal Single Bed (6x3)",
      "image": "https://p.rmjo.in/moodShot/o026sr57-1024x512.jpg",
      "description": "Say hello to long nights of cozy restful slumber. Introducing the restie bed that’s ready to redefine style and comfort. Pair it with your choice of bedcover to seamlessly create a special corner of your own.",
      "dimensions": "72&ldquo; L x 36&ldquo; B x 14&ldquo; H",
      "color": "#f7d6ab",
      "material": "Metal",
      "features_specs": [
        "Natural wood finish",
        "Ideal mattress size (L x B x H): 72x60&ldquo; x 14&ldquo;",
        "Sturdy metal frame",
        "Slatted Headboard",
        "Anti-rust, durable coating"
      ],
      "img_slide": [
        "https://p.rmjo.in/productSquare/j0xbbocy-500x500.jpg",
        "https://p.rmjo.in/productSquare/cz8n20sc-500x500.jpg",
        "https://p.rmjo.in/productSquare/7azboqi0-500x500.jpg"
      ],
      "rental": 229,
      "deposit": 349,
      "days": 4,
      "rent_months": 3,
      "wishlist": false,
      "quantity": 2,
      "category": "bedroom"
    },
    {
      "id": 12,
      "title": "Single Coir and Foam Mattress (6x3)",
      "image": "https://p.rmjo.in/moodShot/6ofsuzln-1024x512.jpg",
      "description": "We’ve got just what you need after a long day at work with this Mattress. Get the well deserved rest you need. The size & finish ensures you have enough room for experimentation with your decision.",
      "dimensions": "72&ldquo; L x 36&ldquo; B x 4&ldquo; H",
      "color": "",
      "material": "Coir Foam Mattress",
      "features_specs": [
        "Foam filling for support"
      ],
      "img_slide": [
        "https://p.rmjo.in/productSquare/m7137rq1-500x500.jpg",
        "https://p.rmjo.in/productSquare/qaxglbfq-500x500.jpg",
        "https://p.rmjo.in/productSquare/f7cdtbom-500x500.jpg",
        "https://p.rmjo.in/productSquare/528osxy5-500x500.jpg",
        "https://p.rmjo.in/productSquare/6wz27o0j-500x500.jpg"
      ],
      "rental": 179,
      "deposit": 279,
      "days": 4,
      "rent_months": 3,
      "wishlist": false,
      "quantity": 2,
      "category": "bedroom"
    },
    {
      "id": 13,
      "title": "Single Foam Mattress (6x3)",
      "image": "https://p.rmjo.in/moodShot/bjkbu237-1024x512.jpg",
      "description": "Remember the good old days when you lay down for a nap and all worries seemed long gone? Well, this mattress is here to remind you so you can relive those blissful naps (and then some).",
      "dimensions": "72&ldquo; L x 36&ldquo; B x 4&ldquo; H",
      "color": "",
      "material": "Foam Mattress",
      "features_specs": [
        "Foam filling for support"
      ],
      "img_slide": [
        "https://p.rmjo.in/productSquare/h98dzvch-500x500.jpg",
        "https://p.rmjo.in/productSquare/xfxm0axn-500x500.jpg",
        "https://p.rmjo.in/productSquare/e1x8tlhk-500x500.jpg",
        "https://p.rmjo.in/productSquare/lfkq7nqu-500x500.jpg",
        "https://p.rmjo.in/productSquare/bghfq06j-500x500.jpg"
      ],
      "rental": 149,
      "deposit": 229,
      "days": 4,
      "rent_months": 3,
      "wishlist": false,
      "quantity": 5,
      "category": "bedroom"
    },
    {
      "id": 14,
      "title": "Single Spring Mattress (6x3)",
      "image": "https://p.rmjo.in/moodShot/o83l2ucm-1024x512.jpg",
      "description": "This is the perfect spring mattress to rest on after a day of toil or to bounce around on those dull, grey evenings. This mattress is perfect to bring out that aesthetic touch.",
      "dimensions": "72&ldquo; L x 36&ldquo; B x 6&ldquo; H",
      "color": "",
      "material": "Foam & Spring",
      "features_specs": [
        "Foam filling for support"
      ],
      "img_slide": [
        "https://p.rmjo.in/productSquare/dqu1k65a-500x500.jpg",
        "https://p.rmjo.in/productSquare/tslatrz0-500x500.jpg",
        "https://p.rmjo.in/productSquare/9gyt44t8-500x500.jpg",
        "https://p.rmjo.in/productSquare/u3elkdh0-500x500.jpg",
        "https://p.rmjo.in/productSquare/buy5htkf-500x500.jpg"
      ],
      "rental": 309,
      "deposit": 479,
      "days": 4,
      "rent_months": 3,
      "wishlist": false,
      "quantity": 5,
      "category": "bedroom"
    },
    {
      "id": 15,
      "title": "Single XL Coir & Foam Mattress (6.6x3)",
      "image": "https://p.rmjo.in/moodShot/rxoqazwt-1024x512.jpg",
      "description": "Remember the good old days when you lay down for a nap and all worries seemed long gone? Well, this mattress is here to remind you so you can relive those blissful naps (and then some).",
      "dimensions": "78&ldquo; L x 36&ldquo; B x 4&ldquo; H",
      "color": "",
      "material": "Coir & Foam",
      "features_specs": [
        "Coir & Foam filling for support"
      ],
      "img_slide": [
        "https://p.rmjo.in/productSquare/6s4zfpvi-500x500.jpg"
      ],
      "rental": 189,
      "deposit": 229,
      "days": 4,
      "rent_months": 3,
      "wishlist": false,
      "quantity": 5,
      "category": "bedroom"
    },
    {
      "id": 16,
      "title": "Single Ortho Pocket Spring Mattress (6X3)",
      "image": "https://p.rmjo.in/moodShot/3gq2rtba-1024x512.jpg",
      "description": "Designed to provide unparalleled comfort and bliss, Velocity by Duroflex is a pocket spring mattress featuring Heat Absorption Technology to ensure cool, sweat-free sleep throughout the night. The active NRG layer allows for an optimum pressure weight distribution, improved circulation, and muscle relaxation to help you wake up fresh and energized every day.",
      "dimensions": "72&ldquo; L x 36&ldquo; B x 6&ldquo; H",
      "color": "",
      "material": "Pocket Spring",
      "features_specs": [
        "Comfort type: Medium soft",
        "Premium knitted upholstery",
        "Alleviates stress & pressure points",
        "Ergonomic spine & body support"
      ],
      "img_slide": [
        "https://p.rmjo.in/productSquare/vvmd3qvd-500x500.jpg"
      ],
      "rental": 449,
      "deposit": 699,
      "days": 4,
      "rent_months": 3,
      "wishlist": false,
      "quantity": 5,
      "category": "bedroom"
    },
    {
      "id": 17,
      "title": "Single XL Ortho Memory Foam Mattress (6.6X3)",
      "image": "https://p.rmjo.in/moodShot/0bjob0np-1024x512.jpg",
      "description": "Discover the revolutionary comfort of lavender-infused aromatherapy memory foam mattress with Pulse by Duroflex. The Pulse Single XL provides conforming comfort with a specially developed 3-zoned back support, memory foam top and postural alignment to ensure refreshing and deep restful sleep. The Pulse mattress is the perfect way to unwind and relax after a long tiring day.",
      "dimensions": "78&ldquo; L x 36&ldquo; B x 4.5&ldquo; H",
      "color": "",
      "material": "Memory Foam",
      "features_specs": [
        "High-density PU foam",
        "Comfort type: Medium soft",
        "Premium quilt knitted upholstery",
        "Improved heat absorption and circulation",
        "Improved posture & weight distribution"
      ],
      "img_slide": [
        "https://p.rmjo.in/productSquare/a1932056-500x500.jpg",
        "https://p.rmjo.in/productSquare/qfpivdye-500x500.jpg",
        "https://p.rmjo.in/productSquare/l6rb3j1i-500x500.jpg",
        "https://p.rmjo.in/productSquare/6dqguwpz-500x500.jpg",
        "https://p.rmjo.in/productSquare/vjgmft8l-500x500.jpg"
      ],
      "rental": 309,
      "deposit": 479,
      "days": 4,
      "rent_months": 3,
      "wishlist": false,
      "quantity": 5,
      "category": "bedroom"
    },
    {
      "id": 18,
      "title": "Betty Dresser with Stool",
      "image": "https://p.rmjo.in/moodShot/y1kcb1eu-1024x512.jpg",
      "description": "With its functional design, ample drawer and cabinet space , the Betty dresser is perfect to hold your vanity essentials. The comfy cushioning of the stool makes it cozier.",
      "dimensions": "19&ldquo; L x 13&ldquo; B x 69&ldquo; H",
      "color": "#645452",
      "material": "Engineered wood",
      "features_specs": [
        "1 drawer configuration",
        "1 stool",
        "Wenge finish",
        "Stool height LxBxH: 16&ldquo; x 12&ldquo; x 16&ldquo;",
        "Improved posture & weight distribution"
      ],
      "img_slide": [
        "https://p.rmjo.in/productSquare/72me1hdo-500x500.jpg",
        "https://p.rmjo.in/productSquare/sv7zxfm1-500x500.jpg",
        "https://p.rmjo.in/productSquare/lu9c9q42-500x500.jpg",
        "https://p.rmjo.in/productSquare/71z1nwr6-500x500.jpg",
        "https://p.rmjo.in/productSquare/7vy0a51o-500x500.jpg",
        "https://p.rmjo.in/productSquare/fu2rdrnm-500x500.jpg"
      ],
      "rental": 199,
      "deposit": 309,
      "days": 4,
      "rent_months": 3,
      "wishlist": false,
      "quantity": 5,
      "category": "bedroom"
    },
    {
      "id": 19,
      "title": "Stowy 2-Door Wardrobe",
      "image": "https://p.rmjo.in/moodShot/qpaqpi6f-1024x512.jpg",
      "description": "Say goodbye to clutter with Stowy 2-Door Wardrobe. The Stowy Wardrobe is your best buddy for all those unexpected visits from your folks and impromptu sleepovers. With varying shelf sizes and utilitarian drawers, Stowy wardrobe ensures that your bedroom will always stay uncluttered and organized—just the way you like it.",
      "dimensions": "29&ldquo; L x 19&ldquo; B x 73&ldquo; H",
      "color": "#645452",
      "material": "Engineered wood",
      "features_specs": [
        "Wood finish: Wenge",
        "Material: Engineered wood",
        "4 Shelf+1 drawer",
        "Easy-access clothing rail+drawers",
        "Comes with a rounded mirror"
      ],
      "img_slide": [
        "https://p.rmjo.in/productSquare/md2f2pn1-500x500.jpg",
        "https://p.rmjo.in/productSquare/kew8im0k-500x500.jpg",
        "https://p.rmjo.in/productSquare/ujyeowwo-500x500.jpg",
        "https://p.rmjo.in/productSquare/z4ksh8yr-500x500.jpg",
        "https://p.rmjo.in/productSquare/1j4gyf76-500x500.jpg",
        "https://p.rmjo.in/productSquare/f8gbnrw0-500x500.jpg"
      ],
      "rental": 409,
      "deposit": 629,
      "days": 4,
      "rent_months": 3,
      "wishlist": false,
      "quantity": 5,
      "category": "bedroom"
    },
    {
      "id": 20,
      "title": "Hutch 2-Door Wardrobe",
      "image": "https://p.rmjo.in/moodShot/21bgcpb2-1024x512.jpg",
      "description": "Smart and versatile wardrobe to neatly organize all your clothes and linen. Declutter you room now.",
      "dimensions": "28&ldquo; L x 16.5&ldquo; B x 71&ldquo; H",
      "color": "#645452",
      "material": "Engineered wood",
      "features_specs": [
        "2 shelf confirguration",
        "Hanger Rod Installed",
        "Outside Lock installed",
        "Rectangular Mirror"
      ],
      "img_slide": [
        "https://p.rmjo.in/productSquare/01amf1pl-500x500.jpg",
        "https://p.rmjo.in/productSquare/hyrc7vy0-500x500.jpg",
        "https://p.rmjo.in/productSquare/v7lbjc6p-500x500.jpg",
        "https://p.rmjo.in/productSquare/b0raoeas-500x500.jpg",
        "https://p.rmjo.in/productSquare/7d8se0xv-500x500.jpg",
        "https://p.rmjo.in/productSquare/s8c4sa0v-500x500.jpg"
      ],
      "rental": 419,
      "deposit": 639,
      "days": 4,
      "rent_months": 3,
      "wishlist": false,
      "quantity": 5,
      "category": "bedroom"
    },
    {
      "id": 21,
      "title": "Magnum 3-Door Wardrobe",
      "image": "https://p.rmjo.in/moodShot/rs76ni8t-1024x512.jpg",
      "description": "We know you hate the cluttered clothes across your chair. The Magnum 3-door wardrobe can ease your worries. The shelf space alone can intimidate your space into tidying up!.",
      "dimensions": "44&ldquo; L x 18&ldquo; B x 71&ldquo; H",
      "color": "#e5b477",
      "material": "Engineered wood",
      "features_specs": [
        "3 door configuration",
        "8 shelf configuration",
        "Hanger rod installed",
        "2 Door Lockable"
      ],
      "img_slide": [
        "https://p.rmjo.in/productSquare/8clh9f3f-500x500.jpg",
        "https://p.rmjo.in/productSquare/tgq2k7uo-500x500.jpg",
        "https://p.rmjo.in/productSquare/hbdha0mo-500x500.jpg",
        "https://p.rmjo.in/productSquare/6v9ws1dk-500x500.jpg",
        "https://p.rmjo.in/productSquare/1k7utlz6-500x500.jpg"
      ],
      "rental": 719,
      "deposit": 1109,
      "days": 4,
      "rent_months": 3,
      "wishlist": false,
      "quantity": 5,
      "category": "bedroom"
    },
    {
      "id": 22,
      "title": "Filbert Chest of Drawers",
      "image": "https://p.rmjo.in/moodShot/pu54xbzt-1024x512.jpg",
      "description": "The Filbert chest of drawers can be paired with your bed, study area or even your living room. With great space, comes great quality. Organizing your essentials just got a whole lot easier!.",
      "dimensions": "30&ldquo; L x 18&ldquo; B x 24&ldquo; H",
      "color": "#645452",
      "material": "Engineered wood",
      "features_specs": [
        "3 drawer configuration",
        "Compact & handy",
        "Wenge finish"
      ],
      "img_slide": [
        "https://p.rmjo.in/productSquare/zwg60t0s-500x500.jpg",
        "https://p.rmjo.in/productSquare/lty2oa3e-500x500.jpg",
        "https://p.rmjo.in/productSquare/33wb1797-500x500.jpg",
        "https://p.rmjo.in/productSquare/kz6638td-500x500.jpg",
        "https://p.rmjo.in/productSquare/59ok7c0z-500x500.jpg",
        "https://p.rmjo.in/productSquare/557mkihg-500x500.jpg"
      ],
      "rental": 239,
      "deposit": 369,
      "days": 4,
      "rent_months": 3,
      "wishlist": false,
      "quantity": 5,
      "category": "bedroom"
    },
    {
      "id": 23,
      "title": "Garfield Ottoman",
      "image": "https://p.rmjo.in/moodShot/taycn9bm-1024x512.jpg",
      "description": "Put up your feet and let your sofa have the perfect companion with the Garfield Ottoman. Use it as a footstool or spare seating to welcome guests, it'll match any decor or home seamlessly.",
      "dimensions": "22&ldquo; L x 22&ldquo; B x 15&ldquo; H",
      "color": "#696b67",
      "material": "Solid  wood",
      "features_specs": [
        "Upholstered seat",
        "Rubberwood support legs",
        "Brown Oak finish"
      ],
      "img_slide": [
        "https://p.rmjo.in/productSquare/9o9eoir3-500x500.jpg",
        "https://p.rmjo.in/productSquare/jy2bbe9f-500x500.jpg",
        "https://p.rmjo.in/productSquare/uqtut16j-500x500.jpg",
        "https://p.rmjo.in/productSquare/xmhqiirr-500x500.jpg"
      ],
      "rental": 189,
      "deposit": 299,
      "days": 4,
      "rent_months": 3,
      "wishlist": false,
      "quantity": 5,
      "category": "living room"
    },
    {
      "id": 24,
      "title": "Felix 1-Seater Fabric Sofa (Blue)",
      "image": "https://p.rmjo.in/moodShot/x6rtmm7a-1024x512.jpg",
      "description": "Elegance meets comfort with the plush Felix Couch. With unmatched comfort and endless options to deck it up, your couch crasher friends will love it, and so will you.",
      "dimensions": "34&ldquo; L x 33&ldquo; B x 24&ldquo; H",
      "color": "#184b8e",
      "material": "Fabric",
      "features_specs": [
        "Soft fabric cover",
        "Seat cushion",
        "Upholstered backrest cushion"
      ],
      "img_slide": [
        "https://p.rmjo.in/productSquare/k5gwdcsp-500x500.jpg",
        "https://p.rmjo.in/productSquare/753nzydk-500x500.jpg",
        "https://p.rmjo.in/productSquare/rlau8nmo-500x500.jpg",
        "https://p.rmjo.in/productSquare/aldhnzlq-500x500.jpg",
        "https://p.rmjo.in/productSquare/mm5awyui-500x500.jpg",
        "https://p.rmjo.in/productSquare/i8h5j54a-500x500.jpg"
      ],
      "rental": 379,
      "deposit": 589,
      "days": 4,
      "rent_months": 3,
      "wishlist": false,
      "quantity": 5,
      "category": "living room"
    },
    {
      "id": 25,
      "title": "Rex 1-Seater Leather Sofa (Black)",
      "image": "https://p.rmjo.in/moodShot/kd02zb0v-1024x512.jpg",
      "description": "Meet Rex, the couch that's here to redefine class. If you're looking for a chance treat yourself (and your living room) with a bit of luxury, get the Rex. Best part? It matches any home decor.",
      "dimensions": "32&ldquo; L x 27&ldquo; B x 32&ldquo; H",
      "color": "#000000",
      "material": "Art Leather",
      "features_specs": [
        "Leatherette covering",
        "Foam filling"
      ],
      "img_slide": [
        "https://p.rmjo.in/productSquare/6jks7lk8-500x500.jpg",
        "https://p.rmjo.in/productSquare/eqg3o64h-500x500.jpg",
        "https://p.rmjo.in/productSquare/zpnjj78n-500x500.jpg",
        "https://p.rmjo.in/productSquare/43gu7t2c-500x500.jpg",
        "https://p.rmjo.in/productSquare/kxhqtlt0-500x500.jpg",
        "https://p.rmjo.in/productSquare/7cq01jne-500x500.jpg"
      ],
      "rental": 319,
      "deposit": 489,
      "days": 4,
      "rent_months": 3,
      "wishlist": false,
      "quantity": 5,
      "category": "living room"
    },
    {
      "id": 26,
      "title": "Barney Leather Recliner (Brown)",
      "image": "https://p.rmjo.in/moodShot/oz3rpwp2-1024x512.jpg",
      "description": "We know you want this already! The comfort of putting up your feet and sinking into the comfy Barney recliner is unmatchable. The cushy seat comes with a 160-degrees recline feature.",
      "dimensions": "42&ldquo; L x 40&ldquo; B x 3402&ldquo; H",
      "color": "#846149",
      "material": "PU Leather",
      "features_specs": [
        "Reclines upto 160 degrees",
        "Single step reclining",
        "Made with quality leatherette",
        "Seat Height: 20&ldquo;"
      ],
      "img_slide": [
        "https://p.rmjo.in/productSquare/0qiq5edb-500x500.jpg",
        "https://p.rmjo.in/productSquare/7qldzwhn-500x500.jpg",
        "https://p.rmjo.in/productSquare/lmhbeg84-500x500.jpg",
        "https://p.rmjo.in/productSquare/gmkwe3kn-500x500.jpg",
        "https://p.rmjo.in/productSquare/u8vfc5w7-500x500.jpg",
        "https://p.rmjo.in/productSquare/n2v7rnck-500x500.jpg",
        "https://p.rmjo.in/productSquare/oqgjuevg-500x500.jpg"
      ],
      "rental": 799,
      "deposit": 1239,
      "days": 4,
      "rent_months": 3,
      "wishlist": false,
      "quantity": 5,
      "category": "living room"
    },
    {
      "id": 27,
      "title": "Casper 1-Seater Fabric Sofa(Grey)",
      "image": "https://p.rmjo.in/moodShot/20lds7im-1024x512.jpg",
      "description": "With the Casper Sofa , elegance and comfort find a new name. With unmatched comfort and endless options to deck it up, your couch crasher friends will love it, and so will you.",
      "dimensions": "24&ldquo; L x 30&ldquo; B x 32&ldquo; H",
      "color": "#808080",
      "material": "Fabrc & Wood",
      "features_specs": [
        "Fully upholstered couch",
        "Soft foam cushioning"
      ],
      "img_slide": [
        "https://p.rmjo.in/productSquare/yjt0v3ut-500x500.jpg",
        "https://p.rmjo.in/productSquare/d5kd90sh-500x500.jpg",
        "https://p.rmjo.in/productSquare/bdbw00n8-500x500.jpg",
        "https://p.rmjo.in/productSquare/dj3ukf6j-500x500.jpg",
        "https://p.rmjo.in/productSquare/38wh0q1u-500x500.jpg"
      ],
      "rental": 299,
      "deposit": 459,
      "days": 4,
      "rent_months": 3,
      "wishlist": false,
      "quantity": 5,
      "category": "living room"
    },
    {
      "id": 28,
      "title": "Robin Futon Blue Small",
      "image": "https://p.rmjo.in/moodShot/jmid2u8q-1024x512.jpg",
      "description": "Whether you want to watch a movie with your friends or catch a good night's sleep, the Robin futon lets you have it all. Oh and did we mention that you can use it as a lounger, a bed and a sofa.",
      "dimensions": "72&ldquo; L x 36&ldquo; B x 6&ldquo; H",
      "color": "#184b8e",
      "material": "Engineered Wood",
      "features_specs": [
        "Soft wool cushioning",
        "Easliy foldable",
        "Low set foldable futon",
        "After Folding LxBxH: 30&ldquo; x 36&ldquo; x 30&ldquo;",
        "Mattress will add height upto 5&ldquo;"
      ],
      "img_slide": [
        "https://p.rmjo.in/productSquare/nebda0pf-500x500.jpg",
        "https://p.rmjo.in/productSquare/idqek3nd-500x500.jpg",
        "https://p.rmjo.in/productSquare/qjf1usbb-500x500.jpg",
        "https://p.rmjo.in/productSquare/45fn8stu-500x500.jpg",
        "https://p.rmjo.in/productSquare/iq2b9wqu-500x500.jpg"
      ],
      "rental": 369,
      "deposit": 569,
      "days": 4,
      "rent_months": 3,
      "wishlist": false,
      "quantity": 5,
      "category": "living room"
    },
    {
      "id": 29,
      "title": "Mocha Centre Table",
      "image": "https://p.rmjo.in/moodShot/sk2zntyu-1024x512.jpg",
      "description": "The Mocha center table is ideal for any interior setting. A perfect conversation starter, the table is highly durable. With a wide table top area, the table also has additional storage space.",
      "dimensions": "35&ldquo; L x 17&ldquo; B x 19&ldquo; H",
      "color": "#645452",
      "material": "Engineered Wood",
      "features_specs": [
        "1 bottom shelf configuration",
        "Wenge finish",
        "Oval tabletop design"
      ],
      "img_slide": [
        "https://p.rmjo.in/productSquare/0a8lpvu1-500x500.jpg",
        "https://p.rmjo.in/productSquare/je1srw7s-500x500.jpg",
        "https://p.rmjo.in/productSquare/jwf8e020-500x500.jpg",
        "https://p.rmjo.in/productSquare/cvcd06ht-500x500.jpg"
      ],
      "rental": 69,
      "deposit": 149,
      "days": 4,
      "rent_months": 3,
      "wishlist": false,
      "quantity": 5,
      "category": "living room"
    },
    {
      "id": 30,
      "title": "Latte Wooden Coffee Table",
      "image": "https://p.rmjo.in/moodShot/03o5tgpx-1024x512.jpg",
      "description": "The Latte Coffee table is light brown in colour and is sure to suit the decor of your living room. Serving multiple purposes, you can use it as a coffee table or a center table.",
      "dimensions": "35&ldquo; L x 23&ldquo; B x 14&ldquo; H",
      "color": "#f7d6ab",
      "material": "Solid Wood",
      "features_specs": [
        "Wide-table top",
        "Coffee table/center table"
      ],
      "img_slide": [
        "https://p.rmjo.in/productSquare/qi010v6f-500x500.jpg",
        "https://p.rmjo.in/productSquare/pd074iic-500x500.jpg",
        "https://p.rmjo.in/productSquare/jad4i6x9-500x500.jpg",
        "https://p.rmjo.in/productSquare/ptq7aeui-500x500.jpg"
      ],
      "rental": 249,
      "deposit": 379,
      "days": 4,
      "rent_months": 3,
      "wishlist": false,
      "quantity": 5,
      "category": "living room"
    },
    {
      "id": 31,
      "title": "Espresso Centre Table",
      "image": "https://p.rmjo.in/moodShot/f3lh40f5-1024x512.jpg",
      "description": "Espresso Centre table will fit any space and will compliment your couch and other furniture.",
      "dimensions": "24&ldquo; L x 24&ldquo; B x 18&ldquo; H",
      "color": "#645452",
      "material": "Solid Wood",
      "features_specs": [
        "Solid Wood",
        "Dark Finish",
        "Sturdy and Compact"
      ],
      "img_slide": [
        "https://p.rmjo.in/productSquare/fscs2rid-500x500.jpg",
        "https://p.rmjo.in/productSquare/ax9kcnwm-500x500.jpg",
        "https://p.rmjo.in/productSquare/4qvg0lur-500x500.jpg",
        "https://p.rmjo.in/productSquare/a5gnzq30-500x500.jpg"
      ],
      "rental": 149,
      "deposit": 229,
      "days": 4,
      "rent_months": 3,
      "wishlist": false,
      "quantity": 5,
      "category": "living room"
    },
    {
      "id": 32,
      "title": "Downey Wooden Bar Unit",
      "image": "https://p.rmjo.in/moodShot/zwz0s99n-1024x512.jpg",
      "description": "The rustic Downey Bar Unit is the perfect addition to your collection of best decanters and liqueurs. Open the mid-century inspired Downey bar unit, and you’ll find ample storage space inside while the wide table-top makes for a versatile cocktail experience.",
      "dimensions": "22&ldquo; L x 22&ldquo; B x 29&ldquo; H",
      "color": "#885429",
      "material": "Solid Wood",
      "features_specs": [
        "Wood/Finish: Antique cherry",
        "Storage: 8 + 4 bottle grid",
        "Hinged door mechanism",
        "Termite resistant"
      ],
      "img_slide": [
        "https://p.rmjo.in/productSquare/wxtx0d6e-500x500.jpg",
        "https://p.rmjo.in/productSquare/e8i3omgn-500x500.jpg",
        "https://p.rmjo.in/productSquare/7i6wjule-500x500.jpg",
        "https://p.rmjo.in/productSquare/050kyhwk-500x500.jpg",
        "https://p.rmjo.in/productSquare/91p5tubs-500x500.jpg"
      ],
      "rental": 309,
      "deposit": 479,
      "days": 4,
      "rent_months": 3,
      "wishlist": false,
      "quantity": 5,
      "category": "living room"
    },
    {
      "id": 33,
      "title": "Andrew Center Table",
      "image": "https://p.rmjo.in/moodShot/ggpr3knj-1024x512.jpg",
      "description": "The only thing that the Andrew center table does not have room for is clutter. Equipped with a large table top, its ideal for friends and family to sit together for a meal or a hot cuppa.",
      "dimensions": "35&ldquo; L x 23&ldquo; B x 18&ldquo; H",
      "color": "#885429",
      "material": "Engineered Wood",
      "features_specs": [
        "Brown oak finish",
        "Sturdy table top",
        "Smoothened design for safety"
      ],
      "img_slide": [
        "https://p.rmjo.in/productSquare/xkl8o4g6-500x500.jpg",
        "https://p.rmjo.in/productSquare/dq9842iz-500x500.jpg",
        "https://p.rmjo.in/productSquare/elu0hnut-500x500.jpg",
        "https://p.rmjo.in/productSquare/q4lckihh-500x500.jpg"
      ],
      "rental": 259,
      "deposit": 409,
      "days": 4,
      "rent_months": 3,
      "wishlist": false,
      "quantity": 5,
      "category": "living room"
    },
    {
      "id": 34,
      "title": "Pixar TV Unit",
      "image": "https://p.rmjo.in/moodShot/ck3uruye-1024x512.jpg",
      "description": "Enjoy your leisure time at home with the Pixar TV unit. While being a safe, durable spot for your TV, the unit provides ample compartmentalized storage space for your entertainment staples.",
      "dimensions": "46&ldquo; L x 16&ldquo; B x 24&ldquo; H",
      "color": "#645452",
      "material": "Engineered Wood",
      "features_specs": [
        "3 shelf + 2 cabinet configuration",
        "Wenge finish"
      ],
      "img_slide": [
        "https://p.rmjo.in/productSquare/tyjcmnwb-500x500.jpg",
        "https://p.rmjo.in/productSquare/goc1w1u0-500x500.jpg",
        "https://p.rmjo.in/productSquare/px35vzdu-500x500.jpg",
        "https://p.rmjo.in/productSquare/e761r9wb-500x500.jpg",
        "https://p.rmjo.in/productSquare/0kpboib4-500x500.jpg",
        "https://p.rmjo.in/productSquare/ghlg09hp-500x500.jpg"
      ],
      "rental": 239,
      "deposit": 359,
      "days": 4,
      "rent_months": 3,
      "wishlist": false,
      "quantity": 5,
      "category": "living room"
    },
    {
      "id": 35,
      "title": "Mackapar bench with Storage",
      "image": "https://p.rmjo.in/moodShot/k3ctiujo-1024x512.jpg",
      "description": "Simple yet architectural, the Makapar bench with storage from IKEA, is a reminiscent of modern and contemporary design. Two shelves with sliding doors provide storage solutions to keep your entry & hallway clutter free. And, crisp clean bench offers an effortless character & charm. Place it in entryway/hallway as a shoe storage bench or a sitting bench.",
      "dimensions": "13.7&ldquo; L x 39.3&ldquo; B x 20&ldquo; H",
      "color": "",
      "material": "Particle Board",
      "features_specs": [
        "Works well in living room, hallway & bedroom.",
        "Sliding doors that save space.",
        "Perfect to place items you need on the go.",
        "You can sit & put on your shoes quickly.",
        "Can display furniture cushions & accessories."
      ],
      "img_slide": [
        "https://p.rmjo.in/productSquare/3kcwba1u-500x500.jpg",
        "https://p.rmjo.in/productSquare/xp0dfob6-500x500.jpg",
        "https://p.rmjo.in/productSquare/xsgyu2ml-500x500.jpg",
        "https://p.rmjo.in/productSquare/7w94e2ud-500x500.jpg",
        "https://p.rmjo.in/productSquare/z0i0il95-500x500.jpg"
      ],
      "rental": 269,
      "deposit": 419,
      "days": 4,
      "rent_months": 3,
      "wishlist": false,
      "quantity": 5,
      "category": "living room"
    },
    {
      "id": 36,
      "title": "Mammut Children Chair by Ikea",
      "image": "https://p.rmjo.in/moodShot/4m273cvn-1024x512.jpg",
      "description": "Mammut chair from IKEA is a perfect spot for kids working on an art project or finishing their homework. With easy to clean surfaces, this table & chair set is perfect blend of aesthetics, value & functionality.",
      "dimensions": "14&ldquo; L x 15&ldquo; B x 26&ldquo; H",
      "color": "",
      "material": "Plastic",
      "features_specs": [
        "Perfect for kids to sit, play & draw",
        "Sleek, trendy & functional design",
        "Perfectly sized for kids"
      ],
      "img_slide": [
        "https://p.rmjo.in/productSquare/yvof1k0h-500x500.jpg",
        "https://p.rmjo.in/productSquare/thbt2hjh-500x500.jpg",
        "https://p.rmjo.in/productSquare/260z8b1k-500x500.jpg",
        "https://p.rmjo.in/productSquare/yntwmr0q-500x500.jpg",
        "https://p.rmjo.in/productSquare/thy3gquy-500x500.jpg",
        "https://p.rmjo.in/productSquare/tjxilcxm-500x500.jpg"
      ],
      "rental": 69,
      "deposit": 149,
      "days": 4,
      "rent_months": 3,
      "wishlist": false,
      "quantity": 5,
      "category": "baby furniture"
    },
    {
      "id": 37,
      "title": "IKEA Mammut Table & Chair Set",
      "image": "https://p.rmjo.in/moodShot/tq027awa-1024x512.jpg",
      "description": "Mammut chair & table set from IKEA is a perfect spot for kids working on an art project or finishing their homework. An attractive study table & chair not only allows the kids to sit comfortably & study but also adds to the decor of the kids room. Kids will love having a study table of their own. Your child’s favourite imagination will come to life on this table & chair set. With easy to clean surfaces, this table & chair set is perfect blend of aesthetics, value & functionality.",
      "dimensions": "14&ldquo; L x 15&ldquo; B x 26&ldquo; H",
      "color": "",
      "material": "Plastic",
      "features_specs": [
        "Set includes 1 table & 2 chairs",
        "Perfect for kids to sit, play & draw",
        "Light & steady to easily carry around",
        "Sleek, trendy & functional design",
        "Perfectly sized for kids"
      ],
      "img_slide": [
        "https://p.rmjo.in/productSquare/s0yo6ill-500x500.jpg",
        "https://p.rmjo.in/productSquare/9n01yahn-500x500.jpg",
        "https://p.rmjo.in/productSquare/fxzcsla0-500x500.jpg",
        "https://p.rmjo.in/productSquare/rkniukxa-500x500.jpg",
        "https://p.rmjo.in/productSquare/pdfvyjs3-500x500.jpg",
        "https://p.rmjo.in/productSquare/4c5tb7rd-500x500.jpg"
      ],
      "rental": 249,
      "deposit": 379,
      "days": 4,
      "rent_months": 3,
      "wishlist": false,
      "quantity": 5,
      "category": "baby furniture"
    },
    {
      "id": 38,
      "title": "Sundvik Baby Cot by IKEA",
      "image": "https://p.rmjo.in/moodShot/bitq63oe-1024x512.jpg",
      "description": "A timeless design of Sundvik Baby Cot by IKEA has practical features that allows your baby to sleep safely until it's time for a 'real' bed. As the baby grows, you can move down the bed base and even remove the side rail if needed. The cot base is well ventilated for good air circulation which gives your child a pleasant sleeping experience.",
      "dimensions": "49.2&ldquo; L x 26.3&ldquo; B x 33.8&ldquo; H",
      "color": "",
      "material": "Nylon",
      "features_specs": [
        "Recommended for ages 0-3 years",
        "Cot base can be placed at 2 different heights",
        "1 side can be removed to get in & out",
        "Well ventilated for good air circulation",
        "Use recommended mattress tagged with product"
      ],
      "img_slide": [
        "https://p.rmjo.in/productSquare/jxb4nxam-500x500.jpg",
        "https://p.rmjo.in/productSquare/muzxzaf0-500x500.jpg",
        "https://p.rmjo.in/productSquare/5esa96b4-500x500.jpg",
        "https://p.rmjo.in/productSquare/folhj3bq-500x500.jpg",
        "https://p.rmjo.in/productSquare/04ruj4yp-500x500.jpg",
        "https://p.rmjo.in/productSquare/xsk0ssxz-500x500.jpg",
        "https://p.rmjo.in/productSquare/uyyx7mw9-500x500.jpg"
      ],
      "rental": 529,
      "deposit": 819,
      "days": 4,
      "rent_months": 3,
      "wishlist": false,
      "quantity": 2,
      "category": "baby furniture"
    },
    {
      "id": 39,
      "title": "Antilop Highchair with tray",
      "image": "https://p.rmjo.in/moodShot/oa6h9w25-1024x512.jpg",
      "description": "Highchairs to safely seat your baby at meal times. By placing the highchair at the family table – at the same level as everyone else – you also help develop your baby’s eating and social skills. Ikea high chairs are designed with rounded edges, a wide, stable base and a safety belt.",
      "dimensions": "24.4&ldquo; L x 22&ldquo; B x 35.4&ldquo; H",
      "color": "",
      "material": "Plastic & Steel",
      "features_specs": [
        "Raised edges prevent spills to land on floor.",
        "Easy to disassemble & transport.",
        "Makes it Easier for kids to sit along adults.",
        "Goes with Kitchen countertops, Dining tables"
      ],
      "img_slide": [
        "https://p.rmjo.in/productSquare/qkdqtoji-500x500.jpg",
        "https://p.rmjo.in/productSquare/qrn2k6en-500x500.jpg",
        "https://p.rmjo.in/productSquare/ptc3ig3d-500x500.jpg",
        "https://p.rmjo.in/productSquare/ip5alivp-500x500.jpg",
        "https://p.rmjo.in/productSquare/cf9mjqox-500x500.jpg"
      ],
      "rental": 69,
      "deposit": 149,
      "days": 4,
      "rent_months": 3,
      "wishlist": false,
      "quantity": 2,
      "category": "baby furniture"
    },
    {
      "id": 40,
      "title": "Mala Easel Board by IKEA",
      "image": "https://p.rmjo.in/moodShot/ggcepzwo-1024x512.jpg",
      "description": "Mala Easel from IKEA is the most wonderful gift you can ever give to your child - a double sided wooden framed writing board. One side consists of white board & other side is a black board.Your budding artist will be inspired by free-form expression and spend hours drawing, painting, sketching, and doodling. It is also an excellent educational item and children love playing school with the chalkboard side. Designed for kids ages three and up,this easel will provide hours of creative activity that is both educational and enjoyable. Kids can create art with paint, chalk, pens, crayons, markers with this Two-sided easel,lets children create art with a variety of different Picture.",
      "dimensions": "24.4&ldquo; L x 22&ldquo; B x 35.4&ldquo; H",
      "color": "",
      "material": "Plastic & Steel",
      "features_specs": [
        "Raised edges prevent spills to land on floor.",
        "Easy to disassemble & transport.",
        "Makes it Easier for kids to sit along adults.",
        "Goes with Kitchen countertops, Dining tables"
      ],
      "img_slide": [
        "https://p.rmjo.in/productSquare/ne1morv1-500x500.jpg",
        "https://p.rmjo.in/productSquare/i7ew0ufi-500x500.jpg",
        "https://p.rmjo.in/productSquare/m0zukxe6-500x500.jpg",
        "https://p.rmjo.in/productSquare/kwzhae7y-500x500.jpg",
        "https://p.rmjo.in/productSquare/bdeywtca-500x500.jpg",
        "https://p.rmjo.in/productSquare/1mg7yfci-500x500.jpg"
      ],
      "rental": 119,
      "deposit": 119,
      "days": 4,
      "rent_months": 3,
      "wishlist": false,
      "quantity": 2,
      "category": "baby furniture"
    },
    {
      "id": 50,
      "title": "Poise 2-Seater Dining Table & Chairs",
      "image": "https://p.rmjo.in/moodShot/rlxu4qor-1024x512.jpg",
      "description": "With a simple rustic appeal and clean lines, the Poise Dining Set combines style and practicality of a compact table without compromising your dining experience. Set on a sturdy wooden frame, this tabletop brings the perfect ensemble for date nights.",
      "dimensions": "33&ldquo; L x 33&ldquo; B x 30&ldquo; H",
      "color": "#885429",
      "material": "Metal & Solid Wood",
      "features_specs": [
        "Material: Metal and solid wood",
        "Table (L x B x H): 33&ldquo; x 33&ldquo; x 30&ldquo;",
        "Chair (L x B x H): 16&ldquo; x 16&ldquo; x 36&ldquo;",
        "Metal bodied chairs",
        "Includes 1 table+2 chairs"
      ],
      "img_slide": [
        "https://p.rmjo.in/productSquare/nt5k5g9b-500x500.jpg",
        "https://p.rmjo.in/productSquare/b63ua61c-500x500.jpg",
        "https://p.rmjo.in/productSquare/sd7vhv4v-500x500.jpg",
        "https://p.rmjo.in/productSquare/wciysivk-500x500.jpg"
      ],
      "rental": 449,
      "deposit": 699,
      "days": 5,
      "rent_months": 3,
      "wishlist": false,
      "quantity": 2,
      "category": "dining table"
    },
    {
      "id": 51,
      "title": "Caramel 4-Seater Wooden Coffee Table",
      "image": "https://p.rmjo.in/moodShot/styb5f3i-1024x512.jpg",
      "description": "Make room for coffee, conversations, and more with the Caramel 4-Seater Coffee Table. With four nesting ottoman seats that tuck right underneath the table, the Caramel coffee table strikes the perfect balance of chic and space-savvy.",
      "dimensions": "36&ldquo; L x 36&ldquo; B x 14&ldquo; H",
      "color": "#885429",
      "material": "Metal & Solid Wood",
      "features_specs": [
        "Material/Finish: Antique cherry",
        "Table (L x B x H): 36&ldquo; x 36&ldquo; x 14&ldquo;",
        "Chair (L x B x H): 17&ldquo; x 17&ldquo; x 12&ldquo;",
        "Upholstered matching stools",
        "Includes 1 table+4 chair"
      ],
      "img_slide": [
        "https://p.rmjo.in/productSquare/t2idsa0g-500x500.jpg",
        "https://p.rmjo.in/productSquare/ksjbkgqp-500x500.jpg",
        "https://p.rmjo.in/productSquare/rgufzoa1-500x500.jpg",
        "https://p.rmjo.in/productSquare/a2padyjn-500x500.jpg",
        "https://p.rmjo.in/productSquare/oibakkf0-500x500.jpg",
        "https://p.rmjo.in/productSquare/g79qvr7k-500x500.jpg",
        "https://p.rmjo.in/productSquare/rl8ecalj-500x500.jpg",
        "https://p.rmjo.in/productSquare/49ae5fno-500x500.jpg",
        "https://p.rmjo.in/productSquare/7d227fk6-500x500.jpg"
      ],
      "rental": 549,
      "deposit": 849,
      "days": 5,
      "rent_months": 3,
      "wishlist": false,
      "quantity": 2,
      "category": "dining table"
    },
    {
      "id": 52,
      "title": "Tyler 6-Seater Dining Table & Chairs",
      "image": "https://p.rmjo.in/moodShot/wvfq98ir-1024x512.jpg",
      "description": "The sleek and contemporary Tyler 6-Seater Dining Set blends the warm tones and luxurious teak finish of a lazy Sunday afternoon. Featuring smooth curves and fine lines, the Tyler Dining set is a welcome addition to every home.",
      "dimensions": "58&ldquo; L x 30&ldquo; B x 30&ldquo; H",
      "color": "#e5b477",
      "material": "Solid Wood",
      "features_specs": [
        "Material/Finish: Antique cherry",
        "Table (L x B x H): 58&ldquo; x 30&ldquo; x 30&ldquo;",
        "Chair (L x B x H): 16&ldquo; x 18&ldquo; x 35&ldquo;",
        "Upholstered chairs",
        "Includes 1 table+6 chair"
      ],
      "img_slide": [
        "https://p.rmjo.in/productSquare/5mx9mo2q-500x500.jpg",
        "https://p.rmjo.in/productSquare/0ipckdo0-500x500.jpg",
        "https://p.rmjo.in/productSquare/ohefu84z-500x500.jpg",
        "https://p.rmjo.in/productSquare/mqt7k1ph-500x500.jpg",
        "https://p.rmjo.in/productSquare/3y6ky4pr-500x500.jpg",
        "https://p.rmjo.in/productSquare/428eih63-500x500.jpg"
      ],
      "rental": 869,
      "deposit": 1349,
      "days": 5,
      "rent_months": 3,
      "wishlist": false,
      "quantity": 2,
      "category": "dining table"
    },
    {
      "id": 53,
      "title": "Heston 6-Seater Dining Table & Chairs",
      "image": "https://p.rmjo.in/moodShot/qcucgn5e-1024x512.jpg",
      "description": "With it’s light coloured wood finish and contrasting black wrought iron accents, the Heston dining set adds elegance to your home. Pair it with bright coloured table mats for the perfect look.",
      "dimensions": "30&ldquo; L x 60&ldquo; B x 30&ldquo; H",
      "color": "#e5b477",
      "material": "Solid Wood",
      "features_specs": [
        "Table 6 chair configuration",
        "Rubber wood table top",
        "Wrought iron"
      ],
      "img_slide": [
        "https://p.rmjo.in/productSquare/2qxe35gr-500x500.jpg"
      ],
      "rental": 679,
      "deposit": 1049,
      "days": 5,
      "rent_months": 3,
      "wishlist": false,
      "quantity": 2,
      "category": "dining table"
    },
    {
      "id": 54,
      "title": "Alton 6-Seater Dining Table & Chairs",
      "image": "https://p.rmjo.in/moodShot/qorjeo0p-1024x512.jpg",
      "description": "The joy of fine dining right at home with the Alton 6 seater dining set. With ample room and smooth finish, the table will add charm to your dining space.",
      "dimensions": "59&ldquo; L x 35&ldquo; B x 29&ldquo; H",
      "color": "#3c2f2f",
      "material": "Engineered wood",
      "features_specs": [
        "Brown oak finish",
        "Upholstered chairs",
        "Sturdy large tabletop",
        "Table (LxBxH):59&ldquo; x35&ldquo; x29&ldquo;",
        "Chair (LxBxH):18&ldquo; x18&ldquo; x31&ldquo;"
      ],
      "img_slide": [
        "https://p.rmjo.in/productSquare/epwi1543-500x500.jpg",
        "https://p.rmjo.in/productSquare/r7yzb93p-500x500.jpg",
        "https://p.rmjo.in/productSquare/guyzjv5h-500x500.jpg",
        "https://p.rmjo.in/productSquare/8hy5oiw7-500x500.jpg",
        "https://p.rmjo.in/productSquare/d6nlqn77-500x500.jpg",
        "https://p.rmjo.in/productSquare/9l03q37h-500x500.jpg",
        "https://p.rmjo.in/productSquare/9czabnc3-500x500.jpg"
      ],
      "rental": 1479,
      "deposit": 1829,
      "days": 5,
      "rent_months": 3,
      "wishlist": false,
      "quantity": 2,
      "category": "dining table"
    },
    {
      "id": 55,
      "title": "IKEA Gladom & Adde Outdoor Table & Chairs (White)",
      "image": "https://p.rmjo.in/moodShot/xpdss42i-1024x512.jpg",
      "description": "The Gladom & Adde outdoor set from IKEA transforms any patio into elegant outdoor balcony area with its superior quality & deep comfort level. Included are 2 chairs & a rounded table. Lightweight, airy & graceful, this beautiful set with its intricate cut-out detailing blends perfectly in a variety of settings. The ornate design makes it an ideal match with your wine glasses or tea sets.",
      "dimensions": "59&ldquo; L x 35&ldquo; B x 29&ldquo; H",
      "color": "",
      "material": "Polyester",
      "features_specs": [
        "Set includes a round table & 2 chairs.",
        "Perfect for Patio, porch, balcony.",
        "Goes well with other furniture & accessories.",
        "Removable table tray can used for serving.",
        "Surface is durable & easy to clean."
      ],
      "img_slide": [
        "https://p.rmjo.in/productSquare/0gf3q4cw-500x500.jpg",
        "https://p.rmjo.in/productSquare/hzh1cn4s-500x500.jpg",
        "https://p.rmjo.in/productSquare/jdujhgue-500x500.jpg"
      ],
      "rental": 179,
      "deposit": 219,
      "days": 5,
      "rent_months": 3,
      "wishlist": false,
      "quantity": 4,
      "category": "dining table"
    },
    {
      "id": 55,
      "title": "Morris Office Chair",
      "image": "https://p.rmjo.in/moodShot/m5e724ck-1024x512.jpg",
      "description": "Laze around or work, all in comfort with the Morris Office Chair! Ergonomically designed, keeping body postures in mind, and low maintenance, it’s perfect for both home and office use.",
      "dimensions": "24&ldquo; L x 17&ldquo; B x 41&ldquo; H",
      "color": "#000000",
      "material": "Foam and Metal",
      "features_specs": [
        "Cushioned seat",
        "Adjustable height & backrest",
        "Wheeled base",
        "Metal frame",
        "Adjustable armrest"
      ],
      "img_slide": [
        "https://p.rmjo.in/productSquare/ggtbqrqq-500x500.jpg",
        "https://p.rmjo.in/productSquare/fy6jjym2-500x500.jpg",
        "https://p.rmjo.in/productSquare/izv55s17-500x500.jpg",
        "https://p.rmjo.in/productSquare/czvhmys0-500x500.jpg",
        "https://p.rmjo.in/productSquare/3ui7ohjt-500x500.jpg",
        "https://p.rmjo.in/productSquare/usxvflo9-500x500.jpg"
      ],
      "rental": 249,
      "deposit": 309,
      "days": 5,
      "rent_months": 3,
      "wishlist": false,
      "quantity": 4,
      "category": "work from home"
    },
    {
      "id": 56,
      "title": "Morris Office Chair",
      "image": "https://p.rmjo.in/moodShot/dqsvw0rt-1024x512.jpg",
      "description": "Say hello to a more focused and organized study time with the Stuart study table. It has a spacious tabletop to keep your books, laptop & other study essentials. Personalize your workspace with style.",
      "dimensions": "35&ldquo; L x 17&ldquo; B x 29&ldquo; H",
      "color": "#645452",
      "material": "Engineered wood",
      "features_specs": [
        "1 drawer + 1 shelf configuration",
        "Wide tabletop area",
        "Wenge Finish"
      ],
      "img_slide": [
        "https://p.rmjo.in/productSquare/9c9uqpnr-500x500.jpg",
        "https://p.rmjo.in/productSquare/2vbvyy86-500x500.jpg",
        "https://p.rmjo.in/productSquare/lgttknv9-500x500.jpg",
        "https://p.rmjo.in/productSquare/udku8usv-500x500.jpg",
        "https://p.rmjo.in/productSquare/buvzicsf-500x500.jpg",
        "https://p.rmjo.in/productSquare/i6hqh94d-500x500.jpg"
      ],
      "rental": 189,
      "deposit": 249,
      "days": 5,
      "rent_months": 3,
      "wishlist": false,
      "quantity": 4,
      "category": "work from home"
    },
    {
      "id": 56,
      "title": "Morris Office Chair",
      "image": "https://p.rmjo.in/moodShot/dqsvw0rt-1024x512.jpg",
      "description": "Say hello to a more focused and organized study time with the Stuart study table. It has a spacious tabletop to keep your books, laptop & other study essentials. Personalize your workspace with style.",
      "dimensions": "35&ldquo; L x 17&ldquo; B x 29&ldquo; H",
      "color": "#645452",
      "material": "Engineered wood",
      "features_specs": [
        "1 drawer + 1 shelf configuration",
        "Wide tabletop area",
        "Wenge Finish"
      ],
      "img_slide": [
        "https://p.rmjo.in/productSquare/9c9uqpnr-500x500.jpg",
        "https://p.rmjo.in/productSquare/2vbvyy86-500x500.jpg",
        "https://p.rmjo.in/productSquare/lgttknv9-500x500.jpg",
        "https://p.rmjo.in/productSquare/udku8usv-500x500.jpg",
        "https://p.rmjo.in/productSquare/buvzicsf-500x500.jpg",
        "https://p.rmjo.in/productSquare/i6hqh94d-500x500.jpg"
      ],
      "rental": 189,
      "deposit": 249,
      "days": 5,
      "rent_months": 3,
      "wishlist": false,
      "quantity": 2,
      "category": "work from home"
    },
    {
      "id": 57,
      "title": "Miller Office Chair",
      "image": "https://p.rmjo.in/moodShot/3vt0ogm5-1024x512.jpg",
      "description": "At work, comfort is key. And comfort it is that you get with the Miller Office Chair. An essential for both work and home, this revolving chair comes with a push back mechanism and low back.",
      "dimensions": "22&ldquo; L x 18&ldquo; B x 39&ldquo; H",
      "color": "#000000",
      "material": "Foam and Metal",
      "features_specs": [
        "Fabric covering",
        "Adjustable height & backrest",
        "Wheeled base",
        "Metal frame",
        "Handle Shape may vary"
      ],
      "img_slide": [
        "https://p.rmjo.in/productSquare/tmm6j34b-500x500.jpg",
        "https://p.rmjo.in/productSquare/e6z1wqr5-500x500.jpg",
        "https://p.rmjo.in/productSquare/3vp4g6rf-500x500.jpg",
        "https://p.rmjo.in/productSquare/6wss2q5g-500x500.jpg"
      ],
      "rental": 189,
      "deposit": 229,
      "days": 5,
      "rent_months": 3,
      "wishlist": false,
      "quantity": 2,
      "category": "work from home"
    },
    {
      "id": 58,
      "title": "Emily Metal Study Table White",
      "image": "https://p.rmjo.in/moodShot/ffsjeqws-1024x512.jpg",
      "description": "Presenting our newest entrant to the WFH furniture—Emily Study Table. Designed to be sleek and functional, jot down all your ideas and thoughts on the reusable dry-erase tabletop surface (temporary marker only). The Emily study table is the perfect companion for creative thinkers, workaholics, and students.",
      "dimensions": "32&ldquo; L x 20&ldquo; B x 30&ldquo; H",
      "color": "",
      "material": "Engineering Wood",
      "features_specs": [
        "2-Drawer configuration",
        "Wide tabletop area",
        "White glossy finish"
      ],
      "img_slide": [
        "https://p.rmjo.in/productSquare/k8bt1nao-500x500.jpg",
        "https://p.rmjo.in/productSquare/bbucg6fe-500x500.jpg",
        "https://p.rmjo.in/productSquare/hh0yewut-500x500.jpg",
        "https://p.rmjo.in/productSquare/to6j6bmy-500x500.jpg",
        "https://p.rmjo.in/productSquare/g8qhi4kw-500x500.jpg",
        "https://p.rmjo.in/productSquare/rmq0sit9-500x500.jpg"
      ],
      "rental": 219,
      "deposit": 269,
      "days": 5,
      "rent_months": 3,
      "wishlist": false,
      "quantity": 2,
      "category": "work from home"
    },
    {
      "id": 59,
      "title": "Exec Workstation",
      "image": "https://p.rmjo.in/moodShot/25w7ik7e-1024x512.jpg",
      "description": "Efficient working is smart working, someone once said. With the Exec Workstation, you'd agree too. With a functional design and ample tabletop to work, the Exec is work hours made better.",
      "dimensions": "42&ldquo; L x 22&ldquo; B x 30&ldquo; H",
      "color": "#e5b477",
      "material": "Engineering Wood",
      "features_specs": [
        "Beech finish",
        "Large tabletop area"
      ],
      "img_slide": [
        "https://p.rmjo.in/productSquare/9kxg1c3a-500x500.jpg",
        "https://p.rmjo.in/productSquare/992jvv5h-500x500.jpg",
        "https://p.rmjo.in/productSquare/g6j5nvez-500x500.jpg",
        "https://p.rmjo.in/productSquare/imj76lyg-500x500.jpg",
        "https://p.rmjo.in/productSquare/es18241a-500x500.jpg"
      ],
      "rental": 159,
      "deposit": 199,
      "days": 5,
      "rent_months": 3,
      "wishlist": false,
      "quantity": 5,
      "category": "work from home"
    },
    {
      "id": 60,
      "title": "Rowling Bookshelf Medium",
      "image": "https://p.rmjo.in/moodShot/m2cgxdsd-1024x512.jpg",
      "description": "Give your home a personalised library with the Rowling bookshelf. It doubles up as a great space to display your knick knacks or as a much needed study rack to access all study material with ease.",
      "dimensions": "24&ldquo; L x 12&ldquo; B x 36&ldquo; H",
      "color": "#645452",
      "material": "Engineering Wood",
      "features_specs": [
        "3 shelf configuration",
        "Wenge finish"
      ],
      "img_slide": [
        "https://p.rmjo.in/productSquare/pzts2dn4-500x500.jpg",
        "https://p.rmjo.in/productSquare/840gka5p-500x500.jpg",
        "https://p.rmjo.in/productSquare/hlsim7wk-500x500.jpg",
        "https://p.rmjo.in/productSquare/w5kf00wp-500x500.jpg",
        "https://p.rmjo.in/productSquare/51kjyob0-500x500.jpg"
      ],
      "rental": 129,
      "deposit": 159,
      "days": 5,
      "rent_months": 3,
      "wishlist": false,
      "quantity": 5,
      "category": "work from home"
    }
  ],
  "category_Furniture": [
    {
      "image": "https://www.rentomojo.com/public/images/category/package-bg/bedroom-v1_new.jpg",
      "name": "bedroom"
    },
    {
      "image": "https://www.rentomojo.com/public/images/category/package-bg/living-room-v2.jpg",
      "name": "living room"
    },
    {
      "image": "https://www.rentomojo.com/public/images/category/package-bg/study-room-v1.jpg",
      "name": "work from home"
    },
    {
      "image": "https://www.rentomojo.com/public/images/category/package-bg/dining-v1.jpg",
      "name": "dinning table"
    },
    {
      "image": "https://www.rentomojo.com/public/images/category/package-bg/baby-furniture.jpg",
      "name": "baby furniture"
    }
  ],
  "category_Appliances": [
    {
      "image": "https://www.rentomojo.com/public/images/category/appliances-bg/washing-machines.jpg",
      "name": "Washine Machine"
    },
    {
      "image": "https://www.rentomojo.com/public/images/category/appliances-bg/refrigerators-and-freezers.jpg",
      "name": "Refreigerators & Freezers"
    },
    {
      "image": "https://www.rentomojo.com/public/images/category/appliances-bg/televisions.jpg",
      "name": "Televisions"
    },
    {
      "image": "https://www.rentomojo.com/public/images/category/appliances-bg/air-conditioners.jpg",
      "name": "Air Conditioners"
    },
    {
      "image": "https://www.rentomojo.com/public/images/category/appliances-bg/air-purifiers.jpg",
      "name": "Water & Air Purifiers"
    },
    {
      "image": "https://www.rentomojo.com/public/images/category/appliances-bg/microwaves-and-induction-stoves.jpg",
      "name": "Microwaves & Induction"
    },
    {
      "image": "https://www.rentomojo.com/public/images/category/appliances-bg/air-coolers.jpg",
      "name": "Air Coolers"
    },
    {
      "image": "https://www.rentomojo.com/public/images/category/appliances-bg/dishwashers.jpg",
      "name": "Dishwashers"
    }
  ],
  "category_Electronics": [
    {
      "image": "https://www.rentomojo.com/public/images/category/appliances-bg/smartphones_new.jpg",
      "name": "Smartphones"
    },
    {
      "image": "https://www.rentomojo.com/public/images/category/appliances-bg/smart-devices-v1_new.jpg",
      "name": "Smart Devices"
    },
    {
      "image": "https://www.rentomojo.com/public/images/category/appliances-bg/laptops_new_2.jpg",
      "name": "Laptops"
    },
    {
      "image": "https://www.rentomojo.com/public/images/category/appliances-bg/tablets_new.jpg",
      "name": "Tablets"
    },
    {
      "image": "https://www.rentomojo.com/public/images/category/electronics-category-filter/gaming-consoles/gamingConsole.png",
      "name": "Gaming Console"
    }
  ],
  "category_Fitness": [
    {
      "image": "https://www.rentomojo.com/public/images/category/fitness/treadmills.jpg",
      "name": "Treadmills"
    },
    {
      "image": "https://www.rentomojo.com/public/images/category/fitness/cross-trainers.jpg",
      "name": "Cross Trainers"
    },
    {
      "image": "https://www.rentomojo.com/public/images/category/fitness/exercise-bikes.jpg",
      "name": "Exercise Bikes"
    },
    {
      "image": "https://www.rentomojo.com/public/images/category/fitness/massagers.png",
      "name": "Massagers"
    }
  ],
  "category_Packages": [
    {
      "image": "https://www.rentomojo.com/public/images/category/package-bg/bedroom-v1_new.jpg",
      "name": "Bedroom"
    },
    {
      "image": "https://www.rentomojo.com/public/images/category/package-bg/living-room-v2.jpg",
      "name": "Living Room"
    },
    {
      "image": "https://www.rentomojo.com/public/images/category/package-bg/appliances.jpg",
      "name": "Appliances"
    },
    {
      "image": "https://www.rentomojo.com/public/images/category/package-bg/study-room-v1.jpg",
      "name": "work from home"
    },
    {
      "image": "https://www.rentomojo.com/public/images/category/package-bg/dining-v1.jpg",
      "name": "Kitchen & Dining"
    },
    {
      "image": "https://www.rentomojo.com/public/images/category/package-bg/smart-packages.jpg",
      "name": "Smart Home"
    },
    {
      "image": "https://www.rentomojo.com/public/images/category/package-bg/fitness-packages.jpg",
      "name": "Fitness & Exercises"
    }
  ]
}